{
    "means": [
        54.54208755493164,
        131.693603515625,
        247.3501739501953,
        149.5993194580078
    ],
    "variances": [
        81.62193298339844,
        314.4552307128906,
        2694.64453125,
        524.5430908203125
    ],
    "feature_names": [
        "Age",
        "RestingBP",
        "Cholesterol",
        "MaxHR"
    ]
}